id,ISBN,Title,Publisher,Pages,Available_Copies,Image,Summary,Language,Keywords,School_id
1,088765607-2,Tully,Wikizz,274,3,http://dummyimage.com/204x100.png/cc0000/ffffff,et magnis dis parturient montes nascetur ridiculus mus etiam vel augue vestibulum rutrum rutrum neque aenean auctor,Irish Gaelic,ultrices libero non mattis,2
2,846913301-2,Diplomatic Immunity (2009– ),Skynoodle,184,2,http://dummyimage.com/164x100.png/dddddd/000000,fermentum justo nec condimentum neque sapien placerat ante nulla justo aliquam quis turpis eget elit sodales scelerisque mauris sit amet,Guaraní,pulvinar lobortis est phasellus,3
3,324151027-1,First Family,Divape,279,4,http://dummyimage.com/231x100.png/cc0000/ffffff,ligula nec sem duis aliquam convallis nunc proin at turpis a pede posuere nonummy integer,Luxembourgish,egestas metus aenean,1
4,764296595-8,"Green Room, The (a.k.a. Vanishing Fiancee) (La chambre verte)",Blogtags,281,2,http://dummyimage.com/244x100.png/5fa2dd/ffffff,rhoncus aliquet pulvinar sed nisl nunc rhoncus dui vel sem sed sagittis nam congue risus semper porta volutpat quam pede,Dari,metus sapien ut nunc,2
5,703483187-4,The Cobbler,Demizz,172,2,http://dummyimage.com/159x100.png/ff4444/ffffff,massa volutpat convallis morbi odio odio elementum eu interdum eu tincidunt in leo maecenas pulvinar lobortis,Dari,at,1
6,943599698-1,"Guitar, The",Plajo,99,4,http://dummyimage.com/226x100.png/dddddd/000000,mi in porttitor pede justo eu massa donec dapibus duis at velit eu est congue elementum in hac,Icelandic,ante vel ipsum,3
7,922134385-5,"Saimaa Gesture, The (Saimaa-ilmiö)",Browseblab,222,6,http://dummyimage.com/226x100.png/ff4444/ffffff,et ultrices posuere cubilia curae mauris viverra diam vitae quam suspendisse potenti nullam porttitor lacus,Swedish,cubilia curae mauris,3
8,035278884-4,"Journey of August King, The",Jabbertype,142,4,http://dummyimage.com/202x100.png/ff4444/ffffff,egestas metus aenean fermentum donec ut mauris eget massa tempor,Macedonian,erat eros,4
9,722512365-3,Vampire Hunter D,Agivu,207,2,http://dummyimage.com/201x100.png/dddddd/000000,quisque erat eros viverra eget congue eget semper rutrum nulla nunc purus phasellus in felis donec semper,Kashmiri,donec ut mauris,2
10,013200829-7,King Lear,Photobug,264,2,http://dummyimage.com/125x100.png/5fa2dd/ffffff,sit amet nulla quisque arcu libero rutrum ac lobortis vel dapibus at,Kazakh,rutrum neque aenean auctor,1
11,593888735-6,Dad Savage,Brightbean,237,2,http://dummyimage.com/204x100.png/cc0000/ffffff,eros suspendisse accumsan tortor quis turpis sed ante vivamus tortor duis mattis egestas metus aenean fermentum,Finnish,hac habitasse platea,1
12,903254590-6,Trainspotting,Trudoo,152,2,http://dummyimage.com/150x100.png/dddddd/000000,dapibus nulla suscipit ligula in lacus curabitur at ipsum ac tellus semper interdum mauris ullamcorper purus,Pashto,nullam molestie nibh,1
13,467451485-1,Curse of the Pink Panther,Centimia,120,6,http://dummyimage.com/102x100.png/ff4444/ffffff,nullam varius nulla facilisi cras non velit nec nisi vulputate nonummy maecenas tincidunt,Hiri Motu,dapibus,3
14,817837100-6,Mars Needs Moms,Yamia,109,6,http://dummyimage.com/203x100.png/ff4444/ffffff,maecenas tincidunt lacus at velit vivamus vel nulla eget eros elementum pellentesque quisque porta volutpat,Chinese,sit,4
15,771318275-6,Defying Gravity,Photolist,204,1,http://dummyimage.com/179x100.png/ff4444/ffffff,proin at turpis a pede posuere nonummy integer non velit,Aymara,maecenas ut,2
16,354206794-6,Back to the Future,Kare,66,4,http://dummyimage.com/237x100.png/dddddd/000000,ligula vehicula consequat morbi a ipsum integer a nibh in quis justo,Pashto,molestie nibh in,2
17,944716652-0,Enchanted,Yodoo,221,3,http://dummyimage.com/102x100.png/cc0000/ffffff,pretium iaculis justo in hac habitasse platea dictumst etiam faucibus cursus urna ut tellus nulla ut erat,Māori,lacinia nisi venenatis tristique,2
18,322717279-8,Alpha and Omega 3: The Great Wolf Games,Realblab,236,1,http://dummyimage.com/100x100.png/ff4444/ffffff,justo sollicitudin ut suscipit a feugiat et eros vestibulum ac est lacinia,Dari,sed nisl nunc rhoncus,1
19,938130447-5,Moonraker,Bubblebox,175,3,http://dummyimage.com/120x100.png/5fa2dd/ffffff,nunc vestibulum ante ipsum primis in faucibus orci luctus et ultrices posuere cubilia curae mauris viverra diam,Portuguese,sapien,2
20,846119552-3,Hero at Large,Bluejam,276,3,http://dummyimage.com/130x100.png/ff4444/ffffff,nulla sed vel enim sit amet nunc viverra dapibus nulla suscipit ligula in lacus,Estonian,luctus ultricies eu nibh,1
21,745269952-1,I Am Divine,Wordware,134,1,http://dummyimage.com/215x100.png/ff4444/ffffff,quisque erat eros viverra eget congue eget semper rutrum nulla nunc purus phasellus in,Armenian,congue diam id,2
22,499180846-4,Kiss Kiss - Bang Bang,Skinix,209,5,http://dummyimage.com/122x100.png/dddddd/000000,ante ipsum primis in faucibus orci luctus et ultrices posuere cubilia curae mauris viverra diam vitae,Greek,in quam fringilla,4
23,485138383-5,Chasing Amy,Livetube,112,1,http://dummyimage.com/183x100.png/cc0000/ffffff,vel augue vestibulum rutrum rutrum neque aenean auctor gravida sem praesent id massa,Bengali,accumsan tellus,2
24,206449004-3,Get on Up,Devbug,206,5,http://dummyimage.com/152x100.png/5fa2dd/ffffff,nascetur ridiculus mus vivamus vestibulum sagittis sapien cum sociis natoque penatibus et magnis dis parturient montes nascetur ridiculus mus etiam,Oriya,natoque penatibus,2
25,045090553-5,Gold,Gigashots,287,4,http://dummyimage.com/133x100.png/5fa2dd/ffffff,odio porttitor id consequat in consequat ut nulla sed accumsan felis ut at dolor quis odio consequat varius integer ac,Dhivehi,integer non,2
26,376071628-8,Last Days Here,Trilia,63,4,http://dummyimage.com/203x100.png/dddddd/000000,luctus et ultrices posuere cubilia curae mauris viverra diam vitae quam,Northern Sotho,porttitor,2
27,941897387-1,Camille Claudel,Jabbersphere,193,5,http://dummyimage.com/133x100.png/dddddd/000000,amet diam in magna bibendum imperdiet nullam orci pede venenatis non sodales sed tincidunt eu,Bislama,rutrum,4
28,687567874-8,Beginning of the Great Revival (a.k.a. The Founding of a Party),Mynte,296,4,http://dummyimage.com/196x100.png/ff4444/ffffff,nam congue risus semper porta volutpat quam pede lobortis ligula sit amet eleifend pede,Albanian,pellentesque viverra pede ac,1
29,037530644-7,Luke and Lucy: The Texas Rangers (Suske en Wiske: De Texas rakkers),Livetube,153,1,http://dummyimage.com/108x100.png/cc0000/ffffff,aliquet pulvinar sed nisl nunc rhoncus dui vel sem sed sagittis nam congue risus semper porta,Gagauz,vestibulum ante,1
30,862309374-7,Exodus,Ozu,98,4,http://dummyimage.com/114x100.png/dddddd/000000,vulputate luctus cum sociis natoque penatibus et magnis dis parturient montes nascetur ridiculus mus vivamus vestibulum sagittis,West Frisian,fringilla,4
31,464233591-9,"Saphead, The",Flashset,170,5,http://dummyimage.com/120x100.png/5fa2dd/ffffff,ut massa quis augue luctus tincidunt nulla mollis molestie lorem quisque ut erat curabitur gravida nisi at nibh in hac,Afrikaans,tortor risus dapibus augue,4
32,272963679-X,FairyTale: A True Story,Teklist,273,2,http://dummyimage.com/162x100.png/dddddd/000000,maecenas rhoncus aliquam lacus morbi quis tortor id nulla ultrices aliquet,Pashto,potenti nullam porttitor lacus,4
33,627918271-1,Escape from Planet Earth,Voonte,249,4,http://dummyimage.com/123x100.png/ff4444/ffffff,cras pellentesque volutpat dui maecenas tristique est et tempus semper est quam,Italian,tristique est et,1
34,067772598-1,247°F ,Topicblab,196,5,http://dummyimage.com/116x100.png/ff4444/ffffff,id massa id nisl venenatis lacinia aenean sit amet justo morbi ut odio cras mi pede malesuada in,Kashmiri,libero quis,4
35,930165907-7,"Outlaw and His Wife, The (a.k.a. You and I) (Berg-Ejvind och hans hustru)",Meetz,233,3,http://dummyimage.com/176x100.png/ff4444/ffffff,mauris viverra diam vitae quam suspendisse potenti nullam porttitor lacus at turpis donec posuere metus vitae ipsum aliquam non,Tok Pisin,in lectus pellentesque at,1
36,198940004-3,Fish Tank,Yakidoo,214,1,http://dummyimage.com/143x100.png/cc0000/ffffff,eros elementum pellentesque quisque porta volutpat erat quisque erat eros viverra eget congue eget semper rutrum,Croatian,justo nec condimentum,2
37,082253089-9,Dear Diary (Caro Diario),Camimbo,72,2,http://dummyimage.com/244x100.png/5fa2dd/ffffff,vitae nisi nam ultrices libero non mattis pulvinar nulla pede ullamcorper augue a suscipit nulla elit ac nulla,Albanian,cum sociis natoque,4
38,608874495-2,Seven Girlfriends,Skyvu,82,6,http://dummyimage.com/190x100.png/ff4444/ffffff,convallis nulla neque libero convallis eget eleifend luctus ultricies eu nibh,Croatian,eget,2
39,730723330-4,Transformers: Dark of the Moon,Fivespan,148,5,http://dummyimage.com/144x100.png/dddddd/000000,tellus nisi eu orci mauris lacinia sapien quis libero nullam,West Frisian,ipsum ac tellus semper,3
40,458397208-3,Search and Destroy,Youopia,104,3,http://dummyimage.com/152x100.png/5fa2dd/ffffff,posuere cubilia curae mauris viverra diam vitae quam suspendisse potenti nullam porttitor lacus at turpis donec posuere metus vitae,Hebrew,morbi ut,4
41,964865265-1,Blue Streak,Npath,89,5,http://dummyimage.com/138x100.png/dddddd/000000,in faucibus orci luctus et ultrices posuere cubilia curae duis faucibus accumsan odio,Bosnian,justo,1
42,862511789-9,"Over-Eater, The (L'outremangeur)",Meeveo,118,3,http://dummyimage.com/231x100.png/cc0000/ffffff,congue eget semper rutrum nulla nunc purus phasellus in felis donec semper sapien a libero nam dui proin leo,Hindi,id,1
43,627005911-9,Sex and the City 2,Ntag,161,5,http://dummyimage.com/226x100.png/5fa2dd/ffffff,non mattis pulvinar nulla pede ullamcorper augue a suscipit nulla elit ac nulla sed vel enim sit,Icelandic,odio porttitor,4
44,676520385-0,Rear Window,Gigashots,244,6,http://dummyimage.com/219x100.png/cc0000/ffffff,eget eros elementum pellentesque quisque porta volutpat erat quisque erat eros viverra eget congue eget,Chinese,orci mauris lacinia,2
45,987517754-7,"Aries Spears: Hollywood, Look I'm Smiling",Devpulse,298,6,http://dummyimage.com/163x100.png/5fa2dd/ffffff,rutrum neque aenean auctor gravida sem praesent id massa id nisl venenatis lacinia aenean sit amet,Thai,non velit donec,4
46,123794984-X,"Last Legion, The",Wikizz,281,2,http://dummyimage.com/113x100.png/dddddd/000000,amet consectetuer adipiscing elit proin interdum mauris non ligula pellentesque ultrices phasellus id sapien in,Hindi,et ultrices,4
47,568144139-3,Sunshine on Leith ,Mycat,263,3,http://dummyimage.com/186x100.png/5fa2dd/ffffff,augue vel accumsan tellus nisi eu orci mauris lacinia sapien quis libero nullam sit amet turpis elementum ligula vehicula consequat,Somali,duis bibendum morbi,1
48,304419473-3,Cat Ballou,Meemm,73,3,http://dummyimage.com/113x100.png/cc0000/ffffff,sodales scelerisque mauris sit amet eros suspendisse accumsan tortor quis turpis sed ante vivamus,Burmese,vestibulum quam sapien,4
49,969945476-8,"Great Beauty, The (Grande Bellezza, La)",Rooxo,271,5,http://dummyimage.com/178x100.png/dddddd/000000,suspendisse ornare consequat lectus in est risus auctor sed tristique in tempus,Gagauz,curabitur in,3
50,881405035-X,Cooking Up Dreams (De ollas y sueños),BlogXS,52,5,http://dummyimage.com/209x100.png/dddddd/000000,curae duis faucibus accumsan odio curabitur convallis duis consequat dui nec nisi volutpat eleifend donec,Ndebele,mauris morbi non,2
51,183976633-6,Brother 2 (Brat 2),Zoombox,204,4,http://dummyimage.com/170x100.png/5fa2dd/ffffff,lorem vitae mattis nibh ligula nec sem duis aliquam convallis nunc proin at turpis a pede posuere nonummy,Swedish,donec pharetra magna vestibulum,4
52,013743632-7,"Concepción Arenal, la visitadora de cárceles",Thoughtsphere,168,3,http://dummyimage.com/125x100.png/cc0000/ffffff,nulla integer pede justo lacinia eget tincidunt eget tempus vel pede morbi porttitor lorem id ligula,Moldovan,non,3
53,753094567-X,Mischief Night,Linktype,89,6,http://dummyimage.com/209x100.png/5fa2dd/ffffff,eget eleifend luctus ultricies eu nibh quisque id justo sit amet sapien,Gujarati,a libero nam,1
54,747147165-4,Girl with Green Eyes,Kayveo,134,6,http://dummyimage.com/121x100.png/dddddd/000000,vehicula condimentum curabitur in libero ut massa volutpat convallis morbi odio odio elementum eu interdum eu tincidunt in leo maecenas,Finnish,leo,1
55,755403385-9,Mass Effect: Paragon Lost,Flashset,204,5,http://dummyimage.com/107x100.png/cc0000/ffffff,tristique fusce congue diam id ornare imperdiet sapien urna pretium nisl ut volutpat sapien arcu sed augue aliquam,Māori,ipsum,1
56,514218168-9,Promised Land,Fivebridge,167,4,http://dummyimage.com/242x100.png/cc0000/ffffff,at velit eu est congue elementum in hac habitasse platea dictumst morbi vestibulum,Luxembourgish,integer pede justo,2
57,159421712-2,She's the One,Rhyloo,270,4,http://dummyimage.com/145x100.png/5fa2dd/ffffff,suspendisse ornare consequat lectus in est risus auctor sed tristique in tempus sit amet sem fusce,Finnish,vel augue,1
58,114335357-9,Ed,Bubblemix,123,6,http://dummyimage.com/230x100.png/cc0000/ffffff,vivamus metus arcu adipiscing molestie hendrerit at vulputate vitae nisl aenean lectus pellentesque eget nunc donec quis orci eget,Tswana,iaculis,3
59,874051577-X,Godzilla vs. Destroyah (Gojira vs. Desutoroiâ) ,Npath,127,4,http://dummyimage.com/151x100.png/dddddd/000000,eget elit sodales scelerisque mauris sit amet eros suspendisse accumsan tortor quis,Mongolian,sapien quis libero,1
60,377478440-X,Schtonk!,Thoughtstorm,94,2,http://dummyimage.com/158x100.png/5fa2dd/ffffff,platea dictumst aliquam augue quam sollicitudin vitae consectetuer eget rutrum at lorem integer tincidunt ante vel ipsum praesent blandit lacinia,Macedonian,ac tellus,3
61,033338599-3,Where Danger Lives,Trudeo,199,4,http://dummyimage.com/167x100.png/cc0000/ffffff,nunc rhoncus dui vel sem sed sagittis nam congue risus semper porta volutpat quam pede lobortis ligula sit,Sotho,feugiat,1
62,380253827-7,What About Dick?,Dynazzy,109,1,http://dummyimage.com/203x100.png/cc0000/ffffff,ultrices posuere cubilia curae mauris viverra diam vitae quam suspendisse potenti nullam porttitor lacus at turpis donec,Spanish,eu,4
63,008002198-0,Looking for Richard,Livefish,58,2,http://dummyimage.com/213x100.png/5fa2dd/ffffff,nascetur ridiculus mus etiam vel augue vestibulum rutrum rutrum neque aenean auctor gravida sem praesent,Japanese,venenatis tristique,2
64,844761869-2,Earth (Tierra),Quatz,269,5,http://dummyimage.com/175x100.png/5fa2dd/ffffff,lacus morbi sem mauris laoreet ut rhoncus aliquet pulvinar sed nisl nunc rhoncus dui,Northern Sotho,risus dapibus,2
65,705469832-0,Stunt Rock,Oyondu,244,5,http://dummyimage.com/194x100.png/5fa2dd/ffffff,pellentesque ultrices mattis odio donec vitae nisi nam ultrices libero non mattis pulvinar nulla pede ullamcorper augue a suscipit nulla,Sotho,curabitur in libero,1
66,701841365-6,Abols Upe,Devbug,261,4,http://dummyimage.com/150x100.png/dddddd/000000,quisque porta volutpat erat quisque erat eros viverra eget congue eget semper rutrum nulla nunc purus phasellus in felis donec,Thai,velit id pretium iaculis,4
67,288211975-5,Skellig,Kwideo,128,5,http://dummyimage.com/121x100.png/dddddd/000000,enim lorem ipsum dolor sit amet consectetuer adipiscing elit proin interdum mauris non ligula pellentesque,Montenegrin,id,1
68,196174126-1,Peacock,Jabbertype,161,4,http://dummyimage.com/222x100.png/5fa2dd/ffffff,augue quam sollicitudin vitae consectetuer eget rutrum at lorem integer,Hungarian,quis tortor id nulla,3
69,327252833-4,"I Am My Films - A Portrait of Werner Herzog (Was ich bin, sind meine Filme)",Dabvine,67,4,http://dummyimage.com/118x100.png/dddddd/000000,quisque id justo sit amet sapien dignissim vestibulum vestibulum ante ipsum primis in faucibus orci luctus et ultrices posuere,Swedish,semper,4
70,205464195-2,"Long Kiss Goodnight, The",Wikizz,256,6,http://dummyimage.com/130x100.png/ff4444/ffffff,purus sit amet nulla quisque arcu libero rutrum ac lobortis vel dapibus,Chinese,sollicitudin mi sit,3
71,261300068-6,"Hero: Love Story of a Spy, The",Dynabox,104,6,http://dummyimage.com/124x100.png/ff4444/ffffff,mi sit amet lobortis sapien sapien non mi integer ac neque duis bibendum morbi,Somali,congue vivamus metus arcu,1
72,719976818-4,Rings,Twitterbeat,188,6,http://dummyimage.com/204x100.png/5fa2dd/ffffff,in tempus sit amet sem fusce consequat nulla nisl nunc nisl duis bibendum felis sed interdum venenatis,Tajik,donec,4
73,886654246-6,Katsastus,Edgeblab,102,2,http://dummyimage.com/211x100.png/5fa2dd/ffffff,felis donec semper sapien a libero nam dui proin leo odio porttitor id consequat in consequat,Zulu,eget tempus,3
74,983877701-3,White Zombie,Yamia,149,4,http://dummyimage.com/248x100.png/ff4444/ffffff,mauris morbi non lectus aliquam sit amet diam in magna bibendum imperdiet nullam orci pede venenatis non sodales sed tincidunt,Portuguese,montes nascetur ridiculus mus,1
75,788557646-9,"Iceman Cometh, The",Mymm,286,1,http://dummyimage.com/169x100.png/ff4444/ffffff,ligula pellentesque ultrices phasellus id sapien in sapien iaculis congue vivamus metus arcu adipiscing molestie hendrerit at vulputate vitae,Korean,duis aliquam convallis,1
76,219784501-2,"Company Men, The",Voonder,136,5,http://dummyimage.com/217x100.png/cc0000/ffffff,sed magna at nunc commodo placerat praesent blandit nam nulla,Bislama,nisl,3
77,356571714-9,"Necessary War, The",Fatz,165,4,http://dummyimage.com/117x100.png/ff4444/ffffff,ipsum dolor sit amet consectetuer adipiscing elit proin risus praesent lectus vestibulum quam sapien varius ut blandit non,Aymara,tortor eu pede,1
78,952711637-6,"Dinner, The (Cena, La)",Tekfly,86,4,http://dummyimage.com/177x100.png/ff4444/ffffff,vivamus tortor duis mattis egestas metus aenean fermentum donec ut mauris eget massa tempor convallis nulla neque libero,Burmese,viverra,3
79,934980311-9,For Roseanna (Roseanna's Grave),Livetube,294,1,http://dummyimage.com/158x100.png/dddddd/000000,venenatis turpis enim blandit mi in porttitor pede justo eu,Georgian,libero non,3
80,593285128-7,Sea Fog,Bubbletube,102,5,http://dummyimage.com/114x100.png/5fa2dd/ffffff,quis orci nullam molestie nibh in lectus pellentesque at nulla suspendisse potenti,Japanese,hac habitasse,1
81,220683047-7,"Very Long Engagement, A (Un long dimanche de fiançailles)",Shufflebeat,192,6,http://dummyimage.com/249x100.png/ff4444/ffffff,in quis justo maecenas rhoncus aliquam lacus morbi quis tortor id nulla,Croatian,lacinia erat,4
82,460774640-1,"Bench, The (Bænken)",Flipopia,75,1,http://dummyimage.com/200x100.png/5fa2dd/ffffff,amet diam in magna bibendum imperdiet nullam orci pede venenatis non,Pashto,augue,3
83,176863901-9,Enough,Jabbertype,243,3,http://dummyimage.com/151x100.png/dddddd/000000,eget elit sodales scelerisque mauris sit amet eros suspendisse accumsan tortor quis turpis sed ante vivamus tortor,Bosnian,sit amet turpis elementum,3
84,712281327-4,Skylark,Dynava,200,3,http://dummyimage.com/196x100.png/dddddd/000000,ut rhoncus aliquet pulvinar sed nisl nunc rhoncus dui vel,Chinese,magna,1
85,175186494-4,Finding Neverland,Photospace,259,1,http://dummyimage.com/114x100.png/dddddd/000000,eu nibh quisque id justo sit amet sapien dignissim vestibulum vestibulum ante ipsum primis in faucibus orci luctus et ultrices,Romanian,id ornare imperdiet,3
86,045574236-7,Not Here to Be Loved (Je ne suis pas là pour être aimé),Tagpad,163,2,http://dummyimage.com/161x100.png/5fa2dd/ffffff,sem fusce consequat nulla nisl nunc nisl duis bibendum felis sed interdum venenatis turpis enim blandit mi,Tetum,orci,3
87,168926745-3,At Land,Buzzbean,69,2,http://dummyimage.com/186x100.png/dddddd/000000,lobortis sapien sapien non mi integer ac neque duis bibendum morbi non quam nec dui,Italian,at,2
88,985819106-5,North (Nord),Flashpoint,205,2,http://dummyimage.com/179x100.png/dddddd/000000,facilisi cras non velit nec nisi vulputate nonummy maecenas tincidunt lacus at,Catalan,ligula,2
89,918716801-4,Borderline,Snaptags,227,4,http://dummyimage.com/244x100.png/ff4444/ffffff,risus praesent lectus vestibulum quam sapien varius ut blandit non interdum in ante vestibulum ante ipsum primis in,Burmese,massa donec dapibus duis,2
90,520907537-0,Just Friends?,Trupe,246,3,http://dummyimage.com/198x100.png/ff4444/ffffff,purus sit amet nulla quisque arcu libero rutrum ac lobortis vel dapibus,Haitian Creole,vel dapibus,3
91,627036751-4,Death Hunt,Dynava,296,6,http://dummyimage.com/245x100.png/ff4444/ffffff,odio odio elementum eu interdum eu tincidunt in leo maecenas pulvinar lobortis est phasellus sit amet erat,Gujarati,sit amet,4
92,883179542-2,I Am Dina,Flipbug,211,4,http://dummyimage.com/247x100.png/dddddd/000000,id justo sit amet sapien dignissim vestibulum vestibulum ante ipsum primis in faucibus orci luctus et ultrices,Punjabi,risus praesent lectus,4
93,918885028-5,Bilitis,Rhyzio,198,4,http://dummyimage.com/247x100.png/cc0000/ffffff,cras pellentesque volutpat dui maecenas tristique est et tempus semper est quam pharetra magna ac consequat metus sapien,Romanian,eleifend,1
94,283833651-7,The Testimony,Edgepulse,245,1,http://dummyimage.com/132x100.png/cc0000/ffffff,eu felis fusce posuere felis sed lacus morbi sem mauris laoreet ut rhoncus aliquet pulvinar sed,Malayalam,id massa,3
95,220028865-4,Flower Drum Song,Edgetag,56,1,http://dummyimage.com/156x100.png/dddddd/000000,vel sem sed sagittis nam congue risus semper porta volutpat quam pede lobortis ligula sit amet eleifend pede libero quis,Azeri,id nisl venenatis lacinia,4
96,415435058-7,Streets of Fire,Zoomlounge,207,5,http://dummyimage.com/152x100.png/5fa2dd/ffffff,neque sapien placerat ante nulla justo aliquam quis turpis eget elit sodales scelerisque mauris sit amet eros suspendisse,Māori,tortor risus dapibus,3
97,013228281-X,"Do You Remember Dolly Bell? (Sjecas li se, Dolly Bell)",Zoomlounge,237,2,http://dummyimage.com/248x100.png/5fa2dd/ffffff,id mauris vulputate elementum nullam varius nulla facilisi cras non velit nec nisi vulputate nonummy maecenas tincidunt lacus at,Belarusian,justo,2
98,831926007-8,The Corsican Brothers,Mybuzz,119,3,http://dummyimage.com/113x100.png/ff4444/ffffff,lobortis convallis tortor risus dapibus augue vel accumsan tellus nisi eu orci mauris lacinia sapien quis libero nullam sit amet,Gujarati,orci eget orci,2
99,057172398-5,Thieves Like Us,Zoombox,300,2,http://dummyimage.com/179x100.png/5fa2dd/ffffff,in magna bibendum imperdiet nullam orci pede venenatis non sodales sed tincidunt eu felis fusce posuere felis sed,French,duis,4
100,006458672-3,Bitter Sweet,Centimia,88,2,http://dummyimage.com/106x100.png/cc0000/ffffff,elit sodales scelerisque mauris sit amet eros suspendisse accumsan tortor quis turpis,Azeri,venenatis tristique fusce congue,1
